{"cameraMode":{"drawMode":0,"name":"Shaded","section":"Shading Mode"},"sceneLighting":true,"audioPlay":false,"sceneViewState":{"m_AlwaysRefresh":false,"showFog":true,"showSkybox":true,"showFlares":true,"showImageEffects":true,"showParticleSystems":true,"showVisualEffectGraphs":true,"m_FxEnabled":true},"in2DMode":false,"pivot":{"x":-4.681766033172607,"y":-1.3152832984924317,"z":-4.040604114532471},"rotation":{"x":0.6138225197792053,"y":-0.0035524629056453706,"z":0.0027623078785836698,"w":0.7894355654716492},"size":2.2958502769470217,"orthographic":false}