{"cameraMode":{"drawMode":0,"name":"Shaded","section":"Shading Mode"},"sceneLighting":true,"audioPlay":false,"sceneViewState":{"m_AlwaysRefresh":false,"showFog":true,"showSkybox":true,"showFlares":true,"showImageEffects":true,"showParticleSystems":true,"showVisualEffectGraphs":true,"m_FxEnabled":true},"in2DMode":false,"pivot":{"x":671.3939208984375,"y":540.4349365234375,"z":8.449630737304688},"rotation":{"x":0.20111772418022157,"y":-0.0044080521911382679,"z":0.0009050829103216529,"w":0.9795620441436768},"size":726.5877685546875,"orthographic":true}