{"cameraMode":{"drawMode":0,"name":"Shaded","section":"Shading Mode"},"sceneLighting":true,"audioPlay":false,"sceneViewState":{"m_AlwaysRefresh":false,"showFog":true,"showSkybox":true,"showFlares":true,"showImageEffects":true,"showParticleSystems":true,"showVisualEffectGraphs":true,"m_FxEnabled":true},"in2DMode":false,"pivot":{"x":-0.0011074990034103394,"y":0.030067499727010728,"z":-0.002519000321626663},"rotation":{"x":0.32011690735816958,"y":0.27363261580467226,"z":-0.09713131189346314,"w":0.9017987847328186},"size":3.229123830795288,"orthographic":true}