{"cameraMode":{"drawMode":0,"name":"Shaded","section":"Shading Mode"},"sceneLighting":true,"audioPlay":false,"sceneViewState":{"m_AlwaysRefresh":false,"showFog":true,"showSkybox":true,"showFlares":true,"showImageEffects":true,"showParticleSystems":true,"showVisualEffectGraphs":true,"m_FxEnabled":true},"in2DMode":false,"pivot":{"x":1.1667624711990357,"y":3.035529136657715,"z":-0.5926111340522766},"rotation":{"x":0.4980049133300781,"y":-0.04289016127586365,"z":0.024671612307429315,"w":0.8657634258270264},"size":13.731353759765625,"orthographic":true}